instance_id,true_label,kmeans_cluster,hier_cluster
0,A,9,7
1,A,0,2
2,A,9,7
3,A,5,7
4,A,0,2
5,A,0,2
6,A,5,2
7,A,5,7
8,A,9,7
9,A,5,7
10,A,5,7
11,A,5,2
12,A,5,7
13,A,5,7
14,A,0,2
15,A,0,2
16,A,5,7
17,A,5,2
18,A,0,2
19,A,0,2
20,A,5,7
21,A,5,7
22,A,5,7
23,A,9,2
24,A,5,7
25,A,5,7
26,A,5,7
27,A,9,7
28,A,5,7
29,A,9,7
30,A,5,7
31,A,0,2
32,A,9,7
33,A,0,2
34,A,5,7
35,A,9,2
36,A,5,7
37,A,0,2
38,A,5,7
39,A,5,7
40,A,5,7
41,A,5,7
42,A,5,7
43,A,7,6
44,A,5,7
45,A,9,2
46,A,5,7
47,A,5,7
48,A,5,7
49,A,5,7
50,A,9,7
51,A,9,7
52,A,5,7
53,A,0,2
54,A,9,2
55,A,5,2
56,A,0,2
57,A,5,7
58,A,5,7
59,A,0,2
60,A,0,2
61,A,5,7
62,A,5,7
63,A,5,7
64,A,0,2
65,A,9,7
66,A,5,7
67,A,5,7
68,A,5,7
69,A,9,7
70,A,0,2
71,A,9,7
72,A,5,7
73,A,5,7
74,A,0,2
75,A,5,7
76,A,5,7
77,A,0,2
78,A,5,7
79,A,0,2
80,A,5,7
81,A,9,7
82,A,5,2
83,A,5,7
84,A,7,2
85,A,9,7
86,A,0,2
87,A,0,2
88,A,0,2
89,A,0,2
90,A,0,2
91,A,5,7
92,A,5,7
93,A,9,7
94,A,5,7
95,A,5,7
96,A,9,7
97,A,5,7
98,A,5,7
99,A,0,2
100,A,7,6
101,A,5,7
102,A,0,2
103,A,5,7
104,A,5,7
105,A,5,7
106,A,0,2
107,A,9,2
108,A,9,7
109,A,5,7
110,A,0,7
111,A,5,7
112,A,5,7
113,A,5,7
114,A,0,2
115,A,9,2
116,A,5,7
117,A,9,7
118,A,5,7
119,A,7,6
120,A,9,7
121,A,9,7
122,A,5,7
123,A,5,7
124,A,9,7
125,A,5,2
126,A,9,7
127,A,5,2
128,A,9,7
129,A,5,7
130,A,0,2
131,A,0,2
132,A,0,2
133,A,0,2
134,A,0,2
135,A,5,7
136,A,0,2
137,A,0,2
138,A,9,7
139,A,5,7
140,A,9,7
141,A,5,2
142,A,9,2
143,A,9,2
144,A,5,7
145,A,5,2
146,A,5,7
147,A,0,2
148,A,0,2
149,A,9,7
150,A,0,2
151,A,5,7
152,A,0,2
153,A,5,7
154,A,5,7
155,A,5,7
156,A,5,7
157,A,5,7
158,A,5,7
159,A,9,7
160,A,5,7
161,A,5,7
162,A,5,7
163,A,0,7
164,A,0,7
165,A,5,2
166,A,5,7
167,A,5,7
168,A,5,7
169,A,5,7
170,A,5,2
171,A,5,7
172,A,5,7
173,A,9,0
174,A,5,7
175,A,5,7
176,A,1,2
177,A,5,7
178,A,0,2
179,A,5,7
180,A,9,7
181,A,9,7
182,A,9,7
183,A,5,7
184,A,5,7
185,A,0,2
186,A,7,6
187,A,5,7
188,A,0,2
189,A,0,2
190,A,5,7
191,A,0,2
192,A,5,7
193,A,0,2
194,A,5,7
195,A,9,7
196,A,5,7
197,A,0,2
198,A,5,2
199,A,5,7
200,A,5,7
201,A,0,2
202,A,5,7
203,A,5,7
204,A,0,2
205,A,5,7
206,A,9,7
207,A,5,7
208,A,5,7
209,A,0,2
210,A,9,7
211,A,5,7
212,A,0,2
213,A,5,7
214,A,5,2
215,A,5,7
216,A,9,2
217,A,9,2
218,A,5,2
219,A,0,2
220,A,9,7
221,A,5,7
222,A,5,7
223,A,5,7
224,A,5,2
225,A,0,2
226,A,5,7
227,A,5,7
228,A,5,7
229,A,5,2
230,A,5,7
231,A,0,2
232,A,5,7
233,A,5,7
234,A,5,2
235,A,5,7
236,A,5,7
237,A,5,7
238,A,0,2
239,A,5,7
240,A,5,7
241,A,5,7
242,A,9,2
243,A,9,7
244,A,5,7
245,A,9,2
246,A,5,7
247,A,7,6
248,A,5,7
249,A,5,7
250,A,9,7
251,A,0,2
252,A,0,2
253,A,5,7
254,A,5,7
255,A,5,7
256,A,5,2
257,A,5,7
258,A,5,7
259,A,0,2
260,A,9,7
261,A,2,2
262,A,5,7
263,A,5,7
264,A,0,2
265,A,5,7
266,A,5,7
267,A,0,2
268,A,0,2
269,A,5,7
270,A,5,7
271,A,5,7
272,A,0,2
273,A,5,7
274,A,0,2
275,A,9,7
276,A,0,2
277,A,5,7
278,A,9,2
279,A,5,7
280,A,5,7
281,A,9,7
282,A,0,7
283,A,5,7
284,A,0,2
285,A,0,2
286,A,5,7
287,A,0,2
288,A,5,2
289,A,5,2
290,A,0,2
291,A,9,7
292,A,5,7
293,A,9,2
294,A,5,7
295,A,5,7
296,A,5,7
297,A,5,7
298,A,5,7
299,A,5,7
300,A,5,7
301,A,5,7
302,A,0,2
303,A,5,7
304,A,5,7
305,A,9,2
306,A,9,2
307,A,5,2
308,A,5,7
309,A,0,2
310,A,5,2
311,A,0,2
312,A,9,2
313,A,5,7
314,A,5,2
315,A,5,7
316,A,9,7
317,A,1,6
318,A,0,2
319,A,5,7
320,A,9,2
321,A,9,2
322,A,5,2
323,A,9,2
324,A,0,2
325,A,0,2
326,A,5,7
327,A,0,2
328,A,5,7
329,A,9,7
330,A,5,7
331,A,0,2
332,A,0,2
333,A,9,7
334,A,5,7
335,A,0,2
336,A,9,0
337,A,9,7
338,A,5,7
339,A,0,2
340,A,0,2
341,A,0,2
342,A,0,2
343,A,5,7
344,A,5,7
345,A,0,2
346,A,5,7
347,A,9,7
348,A,0,2
349,B,2,5
350,B,2,5
351,B,2,2
352,B,2,9
353,B,2,5
354,B,2,9
355,B,2,5
356,B,2,5
357,B,2,5
358,B,0,9
359,B,2,5
360,B,2,0
361,B,2,9
362,B,2,5
363,B,2,9
364,B,2,9
365,B,2,9
366,B,2,5
367,B,2,9
368,B,2,9
369,B,2,9
370,B,0,9
371,B,2,5
372,B,2,9
373,B,2,5
374,B,2,9
375,B,2,9
376,B,2,9
377,B,5,2
378,B,0,9
379,B,0,2
380,B,2,5
381,B,2,9
382,B,2,9
383,B,2,9
384,B,2,5
385,B,2,5
386,B,5,9
387,B,0,2
388,B,2,9
389,B,2,9
390,B,2,5
391,B,2,9
392,B,2,9
393,B,2,5
394,B,2,5
395,B,2,2
396,B,2,9
397,B,2,5
398,B,2,2
399,B,2,9
400,B,2,9
401,B,7,6
402,B,2,9
403,B,2,9
404,B,2,5
405,B,2,5
406,B,2,9
407,B,2,9
408,B,0,2
409,B,2,9
410,B,2,9
411,B,2,9
412,B,2,9
413,B,2,5
414,B,2,5
415,B,2,5
416,B,8,6
417,B,2,9
418,B,2,9
419,B,2,9
420,B,2,5
421,B,2,9
422,B,6,5
423,B,2,9
424,B,2,9
425,B,2,9
426,B,2,2
427,B,2,9
428,B,2,9
429,B,2,5
430,B,2,9
431,B,2,5
432,B,2,9
433,B,2,5
434,B,2,9
435,B,2,9
436,B,2,9
437,B,2,9
438,B,2,9
439,B,2,9
440,B,2,8
441,B,2,9
442,B,2,9
443,B,2,9
444,B,2,9
445,B,2,9
446,B,2,5
447,B,2,5
448,B,2,9
449,B,2,9
450,B,2,5
451,B,2,5
452,B,2,9
453,B,2,5
454,B,2,5
455,B,4,2
456,B,2,9
457,B,2,9
458,B,8,4
459,B,2,9
460,B,2,9
461,B,0,2
462,B,4,5
463,B,4,5
464,B,2,9
465,B,2,9
466,B,2,9
467,B,2,5
468,B,2,9
469,B,2,5
470,B,2,9
471,B,2,9
472,B,2,9
473,B,2,9
474,B,2,5
475,B,2,5
476,B,5,9
477,B,2,2
478,B,2,9
479,B,2,9
480,B,2,5
481,B,2,5
482,B,2,9
483,B,2,9
484,B,2,9
485,B,2,9
486,B,0,2
487,B,2,9
488,B,2,5
489,B,2,9
490,B,2,5
491,B,4,2
492,B,2,9
493,B,5,2
494,B,2,9
495,B,0,9
496,B,2,9
497,B,2,5
498,B,2,5
499,B,2,9
500,B,2,9
501,B,2,9
502,B,2,5
503,B,2,9
504,B,2,9
505,B,2,9
506,B,2,5
507,B,2,9
508,B,2,9
509,B,2,9
510,B,2,5
511,B,2,9
512,B,2,5
513,B,2,9
514,B,0,2
515,B,2,5
516,B,2,9
517,B,2,5
518,B,0,9
519,B,8,4
520,B,2,9
521,B,2,5
522,B,2,5
523,B,2,5
524,B,2,5
525,B,2,9
526,B,2,5
527,B,2,2
528,B,2,9
529,B,2,5
530,B,2,9
531,B,4,5
532,B,2,5
533,B,2,9
534,B,2,9
535,B,0,9
536,B,2,9
537,B,2,5
538,B,2,5
539,B,2,5
540,B,2,5
541,B,5,7
542,B,2,9
543,B,6,0
544,B,2,5
545,B,2,5
546,B,2,2
547,B,2,5
548,B,2,9
549,B,2,9
550,B,2,9
551,B,2,5
552,B,2,5
553,B,2,9
554,B,2,9
555,B,2,5
556,B,2,5
557,B,0,2
558,B,2,5
559,B,2,9
560,B,2,9
561,B,2,9
562,B,2,5
563,B,2,9
564,B,5,9
565,B,2,9
566,B,2,5
567,B,2,9
568,B,2,5
569,B,2,5
570,B,2,9
571,B,8,9
572,B,7,6
573,B,2,5
574,B,2,5
575,B,2,5
576,B,2,5
577,B,2,5
578,B,2,5
579,B,2,9
580,B,6,3
581,B,2,9
582,B,2,5
583,B,2,9
584,B,2,2
585,B,2,9
586,B,2,5
587,B,2,5
588,B,2,9
589,B,2,9
590,B,4,2
591,B,2,9
592,B,2,9
593,B,0,9
594,B,2,9
595,B,2,9
596,B,2,5
597,B,0,9
598,B,2,9
599,B,2,9
600,B,2,5
601,B,2,5
602,B,2,5
603,B,2,5
604,B,2,2
605,B,2,5
606,B,2,5
607,B,2,5
608,B,2,9
609,B,2,9
610,B,2,9
611,B,2,5
612,B,2,5
613,B,2,5
614,B,2,5
615,B,2,5
616,B,2,2
617,B,2,9
618,B,5,7
619,B,2,9
620,B,2,9
621,B,2,9
622,B,2,5
623,B,5,2
624,B,2,9
625,B,2,9
626,B,2,9
627,B,2,5
628,B,2,9
629,B,2,9
630,B,5,9
631,B,2,9
632,B,2,5
633,B,2,2
634,B,2,9
635,B,4,2
636,B,2,5
637,B,2,9
638,B,2,5
639,B,7,6
640,B,2,5
641,B,2,5
642,B,0,9
643,B,2,5
644,B,2,9
645,B,2,9
646,B,2,5
647,B,2,9
648,B,2,9
649,B,2,9
650,B,7,8
651,B,2,9
652,B,2,5
653,B,2,9
654,B,0,2
655,B,2,5
656,B,2,5
657,B,2,9
658,B,2,9
659,B,2,5
660,B,2,5
661,B,2,9
662,B,5,9
663,B,2,5
664,B,2,5
665,B,5,9
666,B,2,9
667,B,6,3
668,B,2,5
669,B,2,5
670,B,2,5
671,B,5,9
672,B,2,9
673,B,0,2
674,B,0,2
675,B,2,9
676,B,2,2
677,B,2,5
678,B,2,9
679,B,2,5
680,B,2,9
681,B,2,5
682,B,2,5
683,B,4,2
684,B,2,9
685,B,2,5
686,B,0,9
687,B,6,5
688,B,2,9
689,B,2,5
690,B,2,5
691,B,5,9
692,B,2,9
693,B,2,9
694,B,2,9
695,B,2,9
696,B,2,5
697,B,2,5
698,B,2,5
699,B,2,5
700,B,0,9
701,B,2,5
702,B,2,9
703,B,0,9
704,B,2,5
705,B,0,9
706,B,2,9
707,B,2,9
708,B,2,5
709,B,2,9
710,B,2,5
711,B,2,9
712,B,2,9
713,B,2,9
714,B,2,9
715,B,2,5
716,B,2,5
717,B,2,9
718,B,2,9
719,B,2,5
720,B,0,2
721,B,2,5
722,B,0,2
723,B,2,9
724,B,2,5
725,B,2,9
726,B,4,2
727,B,2,5
728,B,2,9
729,B,2,9
730,B,2,9
731,B,2,9
732,B,2,9
733,B,6,5
734,B,2,9
735,B,2,9
736,B,2,5
737,B,2,9
738,B,2,2
739,B,2,9
740,B,0,9
741,B,2,5
742,B,2,9
743,B,2,9
744,B,2,5
745,B,2,9
746,B,2,5
747,B,2,9
748,B,2,5
749,B,2,5
750,B,2,5
751,B,2,9
752,B,2,9
753,B,2,5
754,B,2,9
755,B,2,9
756,B,2,5
757,B,2,5
758,B,2,9
759,C,8,4
760,C,8,4
761,C,2,4
762,C,8,4
763,C,8,4
764,C,2,5
765,C,8,4
766,C,8,4
767,C,7,8
768,C,8,6
769,C,8,4
770,C,8,4
771,C,7,6
772,C,7,8
773,C,6,3
774,C,8,4
775,C,8,4
776,C,8,4
777,C,7,8
778,C,8,4
779,C,8,4
780,C,8,4
781,C,8,4
782,C,2,4
783,C,7,8
784,C,8,6
785,C,7,6
786,C,7,8
787,C,8,4
788,C,6,4
789,C,8,4
790,C,7,8
791,C,8,4
792,C,7,8
793,C,8,4
794,C,8,4
795,C,8,4
796,C,8,4
797,C,8,4
798,C,2,4
799,C,8,4
800,C,8,4
801,C,8,4
802,C,8,4
803,C,7,8
804,C,2,4
805,C,8,4
806,C,8,4
807,C,5,7
808,C,5,4
809,C,8,4
810,C,8,4
811,C,8,4
812,C,8,4
813,C,8,4
814,C,8,4
815,C,5,4
816,C,8,4
817,C,6,4
818,C,5,4
819,C,8,4
820,C,8,4
821,C,2,5
822,C,7,8
823,C,2,4
824,C,8,4
825,C,7,8
826,C,7,8
827,C,5,4
828,C,8,4
829,C,2,4
830,C,7,8
831,C,2,5
832,C,2,4
833,C,8,4
834,C,2,4
835,C,8,4
836,C,8,4
837,C,8,4
838,C,8,4
839,C,8,4
840,C,8,9
841,C,8,4
842,C,7,8
843,C,8,4
844,C,6,4
845,C,7,8
846,C,8,4
847,C,8,4
848,C,8,9
849,C,6,4
850,C,2,4
851,C,8,4
852,C,0,9
853,C,7,8
854,C,8,4
855,C,5,7
856,C,7,8
857,C,8,4
858,C,8,4
859,C,8,4
860,C,8,4
861,C,8,4
862,C,7,8
863,C,6,3
864,C,8,4
865,C,7,8
866,C,8,4
867,C,8,4
868,C,8,4
869,C,2,4
870,C,7,8
871,C,8,4
872,C,8,4
873,C,8,4
874,C,8,4
875,C,2,4
876,C,8,4
877,C,8,4
878,C,8,4
879,C,2,4
880,C,7,8
881,C,8,4
882,C,5,2
883,C,8,4
884,C,8,4
885,C,8,4
886,C,8,4
887,C,7,8
888,C,8,4
889,C,8,4
890,C,8,4
891,C,7,8
892,C,8,4
893,C,8,4
894,C,2,4
895,C,5,7
896,C,8,4
897,C,6,3
898,C,0,4
899,C,7,8
900,C,8,4
901,C,7,8
902,C,8,4
903,C,8,4
904,C,8,4
905,C,8,4
906,C,8,4
907,C,8,4
908,C,8,4
909,C,8,4
910,C,8,4
911,C,8,4
912,C,8,4
913,C,7,8
914,C,2,4
915,C,8,4
916,C,8,4
917,C,8,4
918,C,8,4
919,C,8,4
920,C,6,4
921,C,8,4
922,C,8,4
923,C,7,8
924,C,0,5
925,C,8,4
926,C,8,4
927,C,8,4
928,C,8,4
929,C,8,4
930,C,8,4
931,C,8,4
932,C,8,4
933,C,8,4
934,C,8,4
935,C,7,8
936,C,7,8
937,C,8,4
938,C,8,4
939,C,5,4
940,C,7,5
941,C,8,4
942,C,5,4
943,C,5,7
944,C,0,4
945,C,8,4
946,C,7,8
947,C,6,4
948,C,8,4
949,C,8,4
950,C,8,4
951,C,0,9
952,C,6,3
953,C,2,7
954,C,8,4
955,C,7,8
956,C,8,4
957,C,8,4
958,C,8,4
959,C,8,4
960,C,8,4
961,C,8,4
962,C,7,8
963,C,8,4
964,C,2,4
965,C,8,4
966,C,8,6
967,C,7,8
968,C,8,4
969,C,8,4
970,C,7,8
971,C,7,8
972,C,7,8
973,C,8,4
974,C,0,4
975,C,8,4
976,C,2,4
977,C,8,4
978,C,7,8
979,C,8,4
980,C,8,4
981,C,8,4
982,C,8,4
983,C,7,8
984,C,8,4
985,C,8,4
986,C,8,4
987,C,9,0
988,C,8,4
989,C,7,8
990,C,8,4
991,C,8,4
992,C,8,4
993,C,5,7
994,C,8,4
995,C,8,4
996,C,8,4
997,C,5,4
998,C,7,8
999,C,8,4
1000,C,8,4
1001,C,8,4
1002,C,2,4
1003,C,8,4
1004,C,8,4
1005,C,5,7
1006,C,8,4
1007,C,8,4
1008,C,8,4
1009,C,7,8
1010,C,6,4
1011,C,8,4
1012,C,8,4
1013,C,7,8
1014,C,7,8
1015,C,8,4
1016,C,6,3
1017,C,8,4
1018,C,5,4
1019,C,7,8
1020,C,8,4
1021,C,8,4
1022,C,8,4
1023,C,2,4
1024,C,8,4
1025,C,8,4
1026,C,2,4
1027,C,2,4
1028,C,7,8
1029,C,8,4
1030,C,8,4
1031,C,8,4
1032,C,8,4
1033,C,8,6
1034,C,8,6
1035,C,8,4
1036,C,8,4
1037,C,8,4
1038,C,8,4
1039,C,7,8
1040,C,8,4
1041,C,8,4
1042,C,8,4
1043,C,8,4
1044,C,8,4
1045,C,8,4
1046,C,8,4
1047,C,8,4
1048,C,6,8
1049,C,7,8
1050,C,5,7
1051,C,8,4
1052,D,4,0
1053,D,4,0
1054,D,5,2
1055,D,9,0
1056,D,6,3
1057,D,6,3
1058,D,9,2
1059,D,9,0
1060,D,4,2
1061,D,4,2
1062,D,4,0
1063,D,0,2
1064,D,4,0
1065,D,4,0
1066,D,4,0
1067,D,4,2
1068,D,0,2
1069,D,0,0
1070,D,4,0
1071,D,4,2
1072,D,0,2
1073,D,4,0
1074,D,4,2
1075,D,5,2
1076,D,6,4
1077,D,4,0
1078,D,8,4
1079,D,4,0
1080,D,4,0
1081,D,4,0
1082,D,4,0
1083,D,0,2
1084,D,4,2
1085,D,4,0
1086,D,4,0
1087,D,4,0
1088,D,4,0
1089,D,6,0
1090,D,4,0
1091,D,5,2
1092,D,7,6
1093,D,4,0
1094,D,4,2
1095,D,6,0
1096,D,4,0
1097,D,4,0
1098,D,5,2
1099,D,4,0
1100,D,4,1
1101,D,4,0
1102,D,4,2
1103,D,4,0
1104,D,0,0
1105,D,4,0
1106,D,4,2
1107,D,4,0
1108,D,4,2
1109,D,4,0
1110,D,0,9
1111,D,0,2
1112,D,4,0
1113,D,4,0
1114,D,4,0
1115,D,4,0
1116,D,4,0
1117,D,5,2
1118,D,0,2
1119,D,4,2
1120,D,4,0
1121,D,4,0
1122,D,4,0
1123,D,4,0
1124,D,4,2
1125,D,4,0
1126,D,4,0
1127,D,4,0
1128,D,4,0
1129,D,4,0
1130,D,4,4
1131,D,4,0
1132,D,6,0
1133,D,7,3
1134,D,6,3
1135,D,9,0
1136,D,4,2
1137,D,4,2
1138,D,4,0
1139,D,4,0
1140,D,4,0
1141,D,4,0
1142,D,4,0
1143,D,4,0
1144,D,4,0
1145,D,4,2
1146,D,4,0
1147,D,5,9
1148,D,6,0
1149,D,0,2
1150,D,4,0
1151,D,4,0
1152,D,5,2
1153,D,4,0
1154,D,4,0
1155,D,4,0
1156,D,2,4
1157,D,4,0
1158,D,4,0
1159,D,4,2
1160,D,4,0
1161,D,2,9
1162,D,4,0
1163,D,4,0
1164,D,4,0
1165,D,4,0
1166,D,4,2
1167,D,4,0
1168,D,4,0
1169,D,4,2
1170,D,6,4
1171,D,4,0
1172,D,7,8
1173,D,8,4
1174,D,4,0
1175,D,0,2
1176,D,4,0
1177,D,4,0
1178,D,4,2
1179,D,4,0
1180,D,4,0
1181,D,4,2
1182,D,6,0
1183,D,5,2
1184,D,6,0
1185,D,4,2
1186,D,4,2
1187,D,4,0
1188,D,0,2
1189,D,4,2
1190,D,4,0
1191,D,0,2
1192,D,4,0
1193,D,0,2
1194,D,0,2
1195,D,4,0
1196,D,9,2
1197,D,4,0
1198,D,0,2
1199,D,4,0
1200,D,0,2
1201,D,4,0
1202,D,4,0
1203,D,4,0
1204,D,4,0
1205,D,6,0
1206,D,4,2
1207,D,4,2
1208,D,5,2
1209,D,4,0
1210,D,4,0
1211,D,4,0
1212,D,6,3
1213,D,4,0
1214,D,4,2
1215,D,7,3
1216,D,4,0
1217,D,4,0
1218,D,5,7
1219,D,6,3
1220,D,6,4
1221,D,4,0
1222,D,4,2
1223,D,4,2
1224,D,4,0
1225,D,4,0
1226,D,4,2
1227,D,5,2
1228,D,4,0
1229,D,8,4
1230,D,5,2
1231,D,4,0
1232,D,0,2
1233,D,4,0
1234,D,4,0
1235,D,4,0
1236,D,0,2
1237,D,4,0
1238,D,4,0
1239,D,4,0
1240,D,4,0
1241,D,4,0
1242,D,4,0
1243,D,4,2
1244,D,4,2
1245,D,4,0
1246,D,7,6
1247,D,4,0
1248,D,4,0
1249,D,4,0
1250,D,4,0
1251,D,4,0
1252,D,4,0
1253,D,4,2
1254,D,4,0
1255,D,4,0
1256,D,4,2
1257,D,4,0
1258,D,4,0
1259,D,4,2
1260,D,4,0
1261,D,7,5
1262,D,4,0
1263,D,4,0
1264,D,5,2
1265,D,0,9
1266,D,7,0
1267,D,4,2
1268,D,4,0
1269,D,4,0
1270,D,4,4
1271,D,6,0
1272,D,5,2
1273,D,4,0
1274,D,0,9
1275,D,4,0
1276,D,4,2
1277,D,4,0
1278,D,4,4
1279,D,5,9
1280,D,4,2
1281,D,5,2
1282,D,4,0
1283,D,4,0
1284,D,4,0
1285,D,2,4
1286,D,6,0
1287,D,8,4
1288,D,5,2
1289,D,4,2
1290,D,0,2
1291,D,4,2
1292,D,4,2
1293,D,4,0
1294,D,4,0
1295,D,6,3
1296,D,4,0
1297,D,0,2
1298,D,4,0
1299,D,4,0
1300,D,4,0
1301,D,4,2
1302,D,4,0
1303,D,6,3
1304,D,4,0
1305,D,0,2
1306,D,8,4
1307,D,4,0
1308,D,5,2
1309,D,4,0
1310,D,4,0
1311,D,4,2
1312,D,7,6
1313,D,4,0
1314,D,4,0
1315,D,4,0
1316,D,0,2
1317,D,4,2
1318,D,7,8
1319,D,4,0
1320,D,4,0
1321,D,9,0
1322,D,4,2
1323,D,4,0
1324,D,4,0
1325,D,4,0
1326,D,1,1
1327,D,2,2
1328,D,4,0
1329,D,4,2
1330,D,4,0
1331,D,4,2
1332,D,9,4
1333,D,4,0
1334,D,4,0
1335,D,4,0
1336,D,0,4
1337,D,4,0
1338,D,4,2
1339,D,4,0
1340,D,0,2
1341,D,4,0
1342,D,4,2
1343,D,4,0
1344,D,4,0
1345,D,4,0
1346,D,4,0
1347,D,0,2
1348,D,0,2
1349,D,4,0
1350,D,4,0
1351,D,4,0
1352,D,4,0
1353,D,4,0
1354,D,5,2
1355,D,0,0
1356,D,4,0
1357,D,4,0
1358,D,4,0
1359,D,6,4
1360,D,4,0
1361,D,9,0
1362,D,4,0
1363,D,4,0
1364,D,4,0
1365,D,4,0
1366,D,4,0
1367,D,4,0
1368,D,0,2
1369,D,4,0
1370,D,4,0
1371,D,4,0
1372,D,4,0
1373,D,4,0
1374,D,6,4
1375,D,4,0
1376,D,4,0
1377,D,5,2
1378,D,4,0
1379,D,4,0
1380,D,4,0
1381,D,4,0
1382,D,4,0
1383,D,4,0
1384,D,4,0
1385,D,4,2
1386,D,4,0
1387,D,0,2
1388,D,4,0
1389,D,4,0
1390,D,4,0
1391,D,4,2
1392,D,0,2
1393,D,4,0
1394,D,9,4
1395,D,4,2
1396,D,2,2
1397,D,4,2
1398,D,4,0
1399,D,4,0
1400,D,0,9
1401,D,4,0
1402,D,4,0
1403,D,4,2
1404,D,4,0
1405,D,0,2
1406,D,4,2
1407,D,5,2
1408,D,4,2
1409,D,4,0
1410,D,0,9
1411,D,5,2
1412,D,5,2
1413,D,7,0
1414,E,0,9
1415,E,5,7
1416,E,4,2
1417,E,6,0
1418,E,0,9
1419,E,4,2
1420,E,2,2
1421,E,5,0
1422,E,7,6
1423,E,5,2
1424,E,0,2
1425,E,9,0
1426,E,0,2
1427,E,9,0
1428,E,5,0
1429,E,0,2
1430,E,0,2
1431,E,5,0
1432,E,4,2
1433,E,5,2
1434,E,0,2
1435,E,0,2
1436,E,5,2
1437,E,4,2
1438,E,5,7
1439,E,5,7
1440,E,9,0
1441,E,0,2
1442,E,0,2
1443,E,5,7
1444,E,5,2
1445,E,5,7
1446,E,0,2
1447,E,9,7
1448,E,0,2
1449,E,9,0
1450,E,0,2
1451,E,5,2
1452,E,5,7
1453,E,4,2
1454,E,5,2
1455,E,5,2
1456,E,0,2
1457,E,5,2
1458,E,5,7
1459,E,0,2
1460,E,5,2
1461,E,7,6
1462,E,5,7
1463,E,9,0
1464,E,0,2
1465,E,9,2
1466,E,5,2
1467,E,5,7
1468,E,0,2
1469,E,5,7
1470,E,5,2
1471,E,0,2
1472,E,5,2
1473,E,4,2
1474,E,9,0
1475,E,2,5
1476,E,5,2
1477,E,4,2
1478,E,5,2
1479,E,0,2
1480,E,9,7
1481,E,5,7
1482,E,0,2
1483,E,5,2
1484,E,4,2
1485,E,5,7
1486,E,9,0
1487,E,5,2
1488,E,5,7
1489,E,5,2
1490,E,0,2
1491,E,5,2
1492,E,5,7
1493,E,0,2
1494,E,5,2
1495,E,5,2
1496,E,0,2
1497,E,5,2
1498,E,4,2
1499,E,0,9
1500,E,4,2
1501,E,5,2
1502,E,0,2
1503,E,5,0
1504,E,0,2
1505,E,5,7
1506,E,9,0
1507,E,7,8
1508,E,9,0
1509,E,5,7
1510,E,0,9
1511,E,7,6
1512,E,5,2
1513,E,5,2
1514,E,4,2
1515,E,5,2
1516,E,0,2
1517,E,0,2
1518,E,5,2
1519,E,9,0
1520,E,9,7
1521,E,4,2
1522,E,5,7
1523,E,0,2
1524,E,5,2
1525,E,5,2
1526,E,4,2
1527,E,5,7
1528,E,9,0
1529,E,0,9
1530,E,4,2
1531,E,5,2
1532,E,5,7
1533,E,0,2
1534,E,5,2
1535,E,5,2
1536,E,6,0
1537,E,0,2
1538,E,5,2
1539,E,4,2
1540,E,5,2
1541,E,0,2
1542,E,0,2
1543,E,5,2
1544,E,5,7
1545,E,9,0
1546,E,0,2
1547,E,5,2
1548,E,2,2
1549,E,4,2
1550,E,5,2
1551,E,9,0
1552,E,9,0
1553,E,5,7
1554,E,0,2
1555,E,4,2
1556,E,5,2
1557,E,5,2
1558,E,9,2
1559,E,5,0
1560,E,9,0
1561,E,0,2
1562,E,5,2
1563,E,5,7
1564,E,0,6
1565,E,5,7
1566,E,5,7
1567,E,9,0
1568,E,4,2
1569,E,9,0
1570,E,0,2
1571,E,5,0
1572,E,9,0
1573,E,5,2
1574,E,4,2
1575,E,5,7
1576,E,9,2
1577,E,5,7
1578,E,5,2
1579,E,0,2
1580,E,0,2
1581,E,5,2
1582,E,5,7
1583,E,0,9
1584,E,5,7
1585,E,5,2
1586,E,5,2
1587,E,5,7
1588,E,0,2
1589,E,9,0
1590,E,9,2
1591,E,5,7
1592,E,0,2
1593,E,5,2
1594,E,5,2
1595,E,5,7
1596,E,5,2
1597,E,0,2
1598,E,9,0
1599,E,5,7
1600,E,5,2
1601,E,0,2
1602,E,7,6
1603,E,5,2
1604,E,0,2
1605,E,5,7
1606,E,6,0
1607,E,5,7
1608,E,0,2
1609,E,0,2
1610,E,5,7
1611,E,5,7
1612,E,9,2
1613,E,0,2
1614,E,9,0
1615,E,5,2
1616,E,5,2
1617,E,0,2
1618,E,5,7
1619,E,9,0
1620,E,5,2
1621,E,4,2
1622,E,0,2
1623,E,5,2
1624,E,5,2
1625,E,4,2
1626,E,9,0
1627,E,5,7
1628,E,5,7
1629,E,5,2
1630,E,0,2
1631,E,2,2
1632,E,5,2
1633,E,0,2
1634,E,5,0
1635,E,5,2
1636,E,0,4
1637,E,9,0
1638,E,9,0
1639,E,4,2
1640,E,5,2
1641,E,4,2
1642,E,0,2
1643,E,0,2
1644,E,9,0
1645,E,0,2
1646,E,5,7
1647,E,0,2
1648,E,9,0
1649,E,0,2
1650,E,5,7
1651,E,5,7
1652,E,5,7
1653,E,5,2
1654,E,0,2
1655,E,5,2
1656,E,5,7
1657,E,0,2
1658,E,5,7
1659,E,2,5
1660,E,4,2
1661,E,0,2
1662,E,5,2
1663,E,7,6
1664,E,5,7
1665,E,0,9
1666,E,5,7
1667,E,0,2
1668,E,5,2
1669,E,9,0
1670,E,5,7
1671,E,9,0
1672,E,6,0
1673,E,5,2
1674,E,5,2
1675,E,2,2
1676,E,5,2
1677,E,5,7
1678,E,5,2
1679,E,5,7
1680,E,5,7
1681,E,5,7
1682,E,0,2
1683,E,9,0
1684,E,0,2
1685,E,5,0
1686,E,5,7
1687,E,2,5
1688,E,0,2
1689,E,4,2
1690,E,5,0
1691,E,0,2
1692,E,5,7
1693,E,5,2
1694,E,5,2
1695,E,9,7
1696,E,9,0
1697,E,5,2
1698,E,4,2
1699,E,4,2
1700,E,5,2
1701,E,0,2
1702,E,0,2
1703,E,9,2
1704,E,5,2
1705,E,5,7
1706,E,0,2
1707,E,9,0
1708,E,5,2
1709,E,0,2
1710,E,2,2
1711,E,0,2
1712,E,5,7
1713,E,0,2
1714,E,0,2
1715,E,9,2
1716,E,9,0
1717,E,5,6
1718,E,4,2
1719,E,0,2
1720,E,0,2
1721,E,5,2
1722,E,9,0
1723,E,5,7
1724,E,4,2
1725,E,5,2
1726,E,5,2
1727,E,4,2
1728,E,5,7
1729,E,0,2
1730,E,9,0
1731,E,9,0
1732,E,5,7
1733,E,9,0
1734,E,6,0
1735,E,0,2
1736,E,5,2
1737,E,5,7
1738,E,5,7
1739,E,5,7
1740,E,5,7
1741,E,2,2
1742,E,5,0
1743,E,4,2
1744,E,4,2
1745,E,5,7
1746,E,9,2
1747,E,9,2
1748,E,4,2
1749,E,5,2
1750,E,1,2
1751,E,5,7
1752,E,9,0
1753,E,0,2
1754,E,5,7
1755,E,5,2
1756,E,5,0
1757,E,0,2
1758,E,9,0
1759,E,5,2
1760,E,0,2
1761,E,5,2
1762,E,5,2
1763,E,5,2
1764,E,0,2
1765,E,5,7
1766,E,5,7
1767,E,0,2
1768,E,0,2
1769,E,5,7
1770,E,5,7
1771,E,5,2
1772,E,4,2
1773,E,5,7
1774,E,1,6
1775,E,0,2
1776,F,2,9
1777,F,2,5
1778,F,2,5
1779,F,9,5
1780,F,0,2
1781,F,2,5
1782,F,6,3
1783,F,2,5
1784,F,0,5
1785,F,2,5
1786,F,2,9
1787,F,2,5
1788,F,2,5
1789,F,2,5
1790,F,2,5
1791,F,6,5
1792,F,2,9
1793,F,0,9
1794,F,2,5
1795,F,2,5
1796,F,2,5
1797,F,2,9
1798,F,0,2
1799,F,2,9
1800,F,2,5
1801,F,2,5
1802,F,2,5
1803,F,0,2
1804,F,2,2
1805,F,9,5
1806,F,2,9
1807,F,2,5
1808,F,2,5
1809,F,2,9
1810,F,2,5
1811,F,2,9
1812,F,2,5
1813,F,2,5
1814,F,2,5
1815,F,2,5
1816,F,2,5
1817,F,2,5
1818,F,2,9
1819,F,2,5
1820,F,2,5
1821,F,7,6
1822,F,2,5
1823,F,2,5
1824,F,2,5
1825,F,2,5
1826,F,2,5
1827,F,5,2
1828,F,2,5
1829,F,4,5
1830,F,2,5
1831,F,2,5
1832,F,2,5
1833,F,9,5
1834,F,2,5
1835,F,0,5
1836,F,2,9
1837,F,2,9
1838,F,2,9
1839,F,2,5
1840,F,2,5
1841,F,2,5
1842,F,2,5
1843,F,2,2
1844,F,2,5
1845,F,2,5
1846,F,2,5
1847,F,2,5
1848,F,2,5
1849,F,2,9
1850,F,2,9
1851,F,2,9
1852,F,2,9
1853,F,2,9
1854,F,2,9
1855,F,2,5
1856,F,2,9
1857,F,2,5
1858,F,2,5
1859,F,2,5
1860,F,2,5
1861,F,7,6
1862,F,2,5
1863,F,2,5
1864,F,2,2
1865,F,2,5
1866,F,2,9
1867,F,2,5
1868,F,6,5
1869,F,7,6
1870,F,2,5
1871,F,2,5
1872,F,2,5
1873,F,2,9
1874,F,2,5
1875,F,2,5
1876,F,7,8
1877,F,2,9
1878,F,2,5
1879,F,2,2
1880,F,2,5
1881,F,4,5
1882,F,2,9
1883,F,2,9
1884,F,2,5
1885,F,0,2
1886,F,2,2
1887,F,2,5
1888,F,2,5
1889,F,6,5
1890,F,2,5
1891,F,2,5
1892,F,2,9
1893,F,2,5
1894,F,2,5
1895,F,2,5
1896,F,2,5
1897,F,2,5
1898,F,2,5
1899,F,2,5
1900,F,0,9
1901,F,2,9
1902,F,2,5
1903,F,2,5
1904,F,0,2
1905,F,2,5
1906,F,5,6
1907,F,0,2
1908,F,2,9
1909,F,6,5
1910,F,2,5
1911,F,9,5
1912,F,5,2
1913,F,9,5
1914,F,2,5
1915,F,2,5
1916,F,2,5
1917,F,2,5
1918,F,4,5
1919,F,2,5
1920,F,2,5
1921,F,9,5
1922,F,2,9
1923,F,2,9
1924,F,2,5
1925,F,2,5
1926,F,2,5
1927,F,2,5
1928,F,2,5
1929,F,9,5
1930,F,2,5
1931,F,2,5
1932,F,2,9
1933,F,6,5
1934,F,2,5
1935,F,2,5
1936,F,0,9
1937,F,2,5
1938,F,2,9
1939,F,2,5
1940,F,2,5
1941,F,2,5
1942,F,2,5
1943,F,2,5
1944,F,2,9
1945,F,2,9
1946,F,2,5
1947,F,2,5
1948,F,2,9
1949,F,4,5
1950,F,6,5
1951,F,2,9
1952,F,2,9
1953,F,2,9
1954,F,2,5
1955,F,2,5
1956,F,2,5
1957,F,7,6
1958,F,2,5
1959,F,0,9
1960,F,6,3
1961,F,2,9
1962,F,2,5
1963,F,7,8
1964,F,2,5
1965,F,2,9
1966,F,2,5
1967,F,2,5
1968,F,5,9
1969,F,2,9
1970,F,5,2
1971,F,6,5
1972,F,2,5
1973,F,2,9
1974,F,2,9
1975,F,2,5
1976,F,2,5
1977,F,2,5
1978,F,0,5
1979,F,2,9
1980,F,2,5
1981,F,0,2
1982,F,2,9
1983,F,2,5
1984,F,2,5
1985,F,2,5
1986,F,2,5
1987,F,2,5
1988,F,7,6
1989,F,6,5
1990,F,0,2
1991,F,2,5
1992,F,2,9
1993,F,2,9
1994,F,2,5
1995,F,2,9
1996,F,2,5
1997,F,0,5
1998,F,2,5
1999,F,2,5
2000,F,2,9
2001,F,2,5
2002,F,6,5
2003,F,0,9
2004,F,2,5
2005,F,2,9
2006,F,2,5
2007,F,2,5
2008,F,0,9
2009,F,2,9
2010,F,7,8
2011,F,0,2
2012,F,2,5
2013,F,9,5
2014,F,2,5
2015,F,2,5
2016,F,2,5
2017,F,2,5
2018,F,2,5
2019,F,2,5
2020,F,2,5
2021,F,2,5
2022,F,2,5
2023,F,2,5
2024,F,0,2
2025,F,2,9
2026,F,2,9
2027,F,2,5
2028,F,2,9
2029,F,5,9
2030,F,2,5
2031,F,2,5
2032,F,9,5
2033,F,2,2
2034,F,2,5
2035,F,2,9
2036,F,2,5
2037,F,6,5
2038,F,2,9
2039,F,2,9
2040,F,2,5
2041,F,2,9
2042,F,2,5
2043,F,2,5
2044,F,2,5
2045,F,2,5
2046,F,0,2
2047,F,0,5
2048,F,2,5
2049,F,2,5
2050,F,2,9
2051,F,2,5
2052,F,6,5
2053,F,2,5
2054,F,2,5
2055,F,2,5
2056,F,0,9
2057,F,2,5
2058,F,6,5
2059,F,2,9
2060,F,2,5
2061,F,2,5
2062,F,0,9
2063,F,7,6
2064,F,2,5
2065,F,2,9
2066,F,2,5
2067,F,2,9
2068,F,2,9
2069,F,2,5
2070,F,2,5
2071,F,2,5
2072,F,0,9
2073,F,2,5
2074,F,2,5
2075,F,2,5
2076,F,9,5
2077,F,2,5
2078,F,2,5
2079,F,2,9
2080,F,2,5
2081,F,2,9
2082,F,2,5
2083,F,2,5
2084,F,0,9
2085,F,2,5
2086,F,2,9
2087,F,2,5
2088,F,2,5
2089,F,0,9
2090,F,2,5
2091,F,2,9
2092,F,2,5
2093,F,2,5
2094,F,2,5
2095,F,2,5
2096,F,2,5
2097,F,5,2
2098,F,2,5
2099,F,2,5
2100,F,2,5
2101,F,0,2
2102,F,6,5
2103,F,0,2
2104,F,2,9
2105,F,0,2
2106,F,2,9
2107,F,6,5
2108,F,2,9
2109,F,2,5
2110,F,2,5
2111,F,2,5
2112,F,0,2
2113,F,2,5
2114,F,2,5
2115,F,0,9
2116,F,2,5
2117,F,2,9
2118,F,2,9
2119,F,2,9
2120,F,2,9
2121,F,4,5
2122,F,2,5
2123,F,2,2
2124,F,2,5
2125,F,2,5
2126,F,6,5
2127,F,2,9
2128,F,2,9
2129,F,2,5
2130,F,2,5
2131,F,2,5
2132,F,2,9
2133,F,6,5
2134,F,0,9
2135,F,2,5
2136,F,2,9
2137,F,2,9
2138,F,2,9
2139,F,2,5
2140,F,2,5
2141,F,6,5
2142,F,2,5
2143,F,2,9
2144,F,2,9
2145,F,9,5
2146,F,2,5
2147,F,4,5
2148,F,2,5
2149,F,2,5
2150,F,2,9
2151,F,2,5
2152,F,0,2
2153,F,2,5
2154,F,4,5
2155,F,0,2
2156,F,2,9
2157,F,2,9
2158,F,2,5
2159,F,2,5
2160,F,0,9
2161,F,2,5
2162,F,2,5
2163,F,2,9
2164,F,0,2
2165,F,2,5
2166,F,2,5
2167,F,2,5
2168,F,2,5
2169,F,2,9
2170,F,2,5
2171,F,2,5
2172,F,2,5
2173,F,2,5
2174,F,2,5
2175,F,2,5
2176,F,2,9
2177,F,2,5
2178,F,2,5
2179,F,2,5
2180,F,0,9
2181,F,2,5
2182,F,2,5
2183,F,2,5
2184,F,2,5
2185,F,2,9
2186,F,2,5
2187,F,5,2
2188,F,2,9
2189,F,2,9
2190,G,3,1
2191,G,6,3
2192,G,3,1
2193,G,1,1
2194,G,3,1
2195,G,1,1
2196,G,3,1
2197,G,1,1
2198,G,3,1
2199,G,1,1
2200,G,1,1
2201,G,3,1
2202,G,1,6
2203,G,1,1
2204,G,1,1
2205,G,1,1
2206,G,1,1
2207,G,3,1
2208,G,6,3
2209,G,3,1
2210,G,1,1
2211,G,1,1
2212,G,3,1
2213,G,1,1
2214,G,3,1
2215,G,3,1
2216,G,1,6
2217,G,1,1
2218,G,3,1
2219,G,6,3
2220,G,1,1
2221,G,1,1
2222,G,1,6
2223,G,3,1
2224,G,3,1
2225,G,3,1
2226,G,1,1
2227,G,1,1
2228,G,1,1
2229,G,3,1
2230,G,1,1
2231,G,1,1
2232,G,3,1
2233,G,1,1
2234,G,0,6
2235,G,3,1
2236,G,3,1
2237,G,3,1
2238,G,1,1
2239,G,3,1
2240,G,1,1
2241,G,1,1
2242,G,1,1
2243,G,3,1
2244,G,3,1
2245,G,1,1
2246,G,1,1
2247,G,3,1
2248,G,8,6
2249,G,1,1
2250,G,3,1
2251,G,1,1
2252,G,1,1
2253,G,1,1
2254,G,3,1
2255,G,3,1
2256,G,1,1
2257,G,3,1
2258,G,7,8
2259,G,3,1
2260,G,0,6
2261,G,3,1
2262,G,3,1
2263,G,0,2
2264,G,1,1
2265,G,1,1
2266,G,1,1
2267,G,3,1
2268,G,3,1
2269,G,3,1
2270,G,1,1
2271,G,1,1
2272,G,3,1
2273,G,8,6
2274,G,1,1
2275,G,1,6
2276,G,3,1
2277,G,3,1
2278,G,1,1
2279,G,3,1
2280,G,3,1
2281,G,1,6
2282,G,1,1
2283,G,1,1
2284,G,1,1
2285,G,3,1
2286,G,3,1
2287,G,1,6
2288,G,3,1
2289,G,3,1
2290,G,1,1
2291,G,3,1
2292,G,1,1
2293,G,3,1
2294,G,1,6
2295,G,1,1
2296,G,3,1
2297,G,1,1
2298,G,3,1
2299,G,7,8
2300,G,3,1
2301,G,3,1
2302,G,3,1
2303,G,6,3
2304,G,3,1
2305,G,3,1
2306,G,1,6
2307,G,6,3
2308,G,3,1
2309,G,6,3
2310,G,1,1
2311,G,4,0
2312,G,1,1
2313,G,3,1
2314,G,1,1
2315,G,1,6
2316,G,3,1
2317,G,1,1
2318,G,3,1
2319,G,1,1
2320,G,3,1
2321,G,1,1
2322,G,3,1
2323,G,3,1
2324,G,1,1
2325,G,1,1
2326,G,1,1
2327,G,1,1
2328,G,3,1
2329,G,3,1
2330,G,3,1
2331,G,1,1
2332,G,1,1
2333,G,4,2
2334,G,1,1
2335,G,3,1
2336,G,1,1
2337,G,3,1
2338,G,1,1
2339,G,3,1
2340,G,1,1
2341,G,3,1
2342,G,1,1
2343,G,1,1
2344,G,3,1
2345,G,1,1
2346,G,0,1
2347,G,0,6
2348,G,3,1
2349,G,3,1
2350,G,1,1
2351,G,7,8
2352,G,1,1
2353,G,5,7
2354,G,9,0
2355,G,6,3
2356,G,1,1
2357,G,3,1
2358,G,3,1
2359,G,3,1
2360,G,3,1
2361,G,1,1
2362,G,4,0
2363,G,3,1
2364,G,1,1
2365,G,1,1
2366,G,3,1
2367,G,3,1
2368,G,1,1
2369,G,1,1
2370,G,3,1
2371,G,1,1
2372,G,3,1
2373,G,3,1
2374,G,3,1
2375,G,1,1
2376,G,3,1
2377,G,0,6
2378,G,1,1
2379,G,3,1
2380,G,1,1
2381,G,3,1
2382,G,1,1
2383,G,3,1
2384,G,3,1
2385,G,3,1
2386,G,1,1
2387,G,1,1
2388,G,1,1
2389,G,1,1
2390,G,3,1
2391,G,1,1
2392,G,1,1
2393,G,3,1
2394,G,1,6
2395,G,1,1
2396,G,3,1
2397,G,1,1
2398,G,1,1
2399,G,1,1
2400,G,1,1
2401,G,1,1
2402,G,6,3
2403,G,1,1
2404,G,8,6
2405,G,1,1
2406,G,1,6
2407,G,1,1
2408,G,1,1
2409,G,1,1
2410,G,3,1
2411,G,1,6
2412,G,3,1
2413,G,3,1
2414,G,1,1
2415,G,1,6
2416,G,3,1
2417,G,1,6
2418,G,3,1
2419,G,3,1
2420,G,1,1
2421,G,3,1
2422,G,1,6
2423,G,1,1
2424,G,3,1
2425,G,3,1
2426,G,1,1
2427,G,3,1
2428,G,3,1
2429,G,1,1
2430,G,3,1
2431,G,3,1
2432,G,1,6
2433,G,3,1
2434,G,1,1
2435,G,1,1
2436,G,1,6
2437,G,3,1
2438,G,1,1
2439,G,1,1
2440,G,3,1
2441,G,1,1
2442,G,3,1
2443,G,3,1
2444,G,3,1
2445,G,1,6
2446,G,3,1
2447,G,3,1
2448,G,7,8
2449,G,3,1
2450,G,0,6
2451,G,3,1
2452,G,1,1
2453,G,3,1
2454,G,1,1
2455,G,1,6
2456,G,6,3
2457,G,1,1
2458,G,1,1
2459,G,1,1
2460,G,1,1
2461,G,3,1
2462,G,3,1
2463,G,3,1
2464,G,3,1
2465,G,3,1
2466,G,3,1
2467,G,1,2
2468,G,1,1
2469,G,3,1
2470,G,7,8
2471,G,3,1
2472,G,1,1
2473,G,3,1
2474,G,1,1
2475,G,3,1
2476,G,1,1
2477,G,0,1
2478,G,3,1
2479,G,1,1
2480,G,1,6
2481,G,3,1
2482,G,1,1
2483,G,3,1
2484,G,3,2
2485,G,7,6
2486,G,3,1
2487,G,1,6
2488,G,1,2
2489,G,1,1
2490,G,3,1
2491,G,1,1
2492,G,3,1
2493,G,9,6
2494,G,1,1
2495,G,3,1
2496,G,3,1
2497,G,1,1
2498,G,1,1
2499,G,1,1
2500,G,1,1
2501,G,1,1
2502,G,3,1
2503,G,3,1
2504,G,3,1
2505,G,3,1
2506,G,1,1
2507,G,1,1
2508,G,8,6
2509,G,1,1
2510,G,1,1
2511,G,3,1
2512,G,1,1
2513,G,3,1
2514,G,1,1
2515,G,0,6
2516,G,3,1
2517,G,1,1
2518,G,3,1
2519,G,3,1
2520,G,3,1
2521,G,7,6
2522,G,3,1
2523,G,1,1
2524,G,3,1
2525,G,3,1
2526,G,1,1
2527,G,3,1
2528,G,3,1
2529,G,1,1
2530,G,1,1
2531,G,1,1
2532,G,1,1
2533,G,1,6
2534,G,3,1
2535,G,1,1
2536,G,1,2
2537,G,1,1
2538,G,3,1
2539,G,1,1
2540,G,3,1
2541,G,6,1
2542,G,3,1
2543,G,3,1
2544,G,3,1
2545,G,6,1
2546,G,7,8
2547,G,1,1
2548,G,3,1
2549,G,3,1
2550,H,1,6
2551,H,1,1
2552,H,3,1
2553,H,3,1
2554,H,3,1
2555,H,1,1
2556,H,3,1
2557,H,3,1
2558,H,1,1
2559,H,3,1
2560,H,3,1
2561,H,1,1
2562,H,3,1
2563,H,1,1
2564,H,1,1
2565,H,1,1
2566,H,3,1
2567,H,6,3
2568,H,3,1
2569,H,3,1
2570,H,3,1
2571,H,3,1
2572,H,3,1
2573,H,3,1
2574,H,3,1
2575,H,3,1
2576,H,1,6
2577,H,3,1
2578,H,9,7
2579,H,3,1
2580,H,1,1
2581,H,3,1
2582,H,1,1
2583,H,3,1
2584,H,1,6
2585,H,1,1
2586,H,3,1
2587,H,1,1
2588,H,1,1
2589,H,1,1
2590,H,3,1
2591,H,3,1
2592,H,3,1
2593,H,1,1
2594,H,3,1
2595,H,0,6
2596,H,1,1
2597,H,1,1
2598,H,3,1
2599,H,3,1
2600,H,3,1
2601,H,1,1
2602,H,1,1
2603,H,1,1
2604,H,1,1
2605,H,3,1
2606,H,3,1
2607,H,1,1
2608,H,3,1
2609,H,1,1
2610,H,3,1
2611,H,3,1
2612,H,6,3
2613,H,1,1
2614,H,3,1
2615,H,1,1
2616,H,1,1
2617,H,3,1
2618,H,3,1
2619,H,3,1
2620,H,3,1
2621,H,1,1
2622,H,1,1
2623,H,3,1
2624,H,1,1
2625,H,1,1
2626,H,3,1
2627,H,5,1
2628,H,3,1
2629,H,1,1
2630,H,5,6
2631,H,1,1
2632,H,3,1
2633,H,3,1
2634,H,1,1
2635,H,1,1
2636,H,3,1
2637,H,3,1
2638,H,1,1
2639,H,0,2
2640,H,3,1
2641,H,3,1
2642,H,6,1
2643,H,1,1
2644,H,3,1
2645,H,3,1
2646,H,8,6
2647,H,3,1
2648,H,8,6
2649,H,3,1
2650,H,3,1
2651,H,3,1
2652,H,1,1
2653,H,3,1
2654,H,1,6
2655,H,1,1
2656,H,1,1
2657,H,1,1
2658,H,1,1
2659,H,1,1
2660,H,3,1
2661,H,3,1
2662,H,3,1
2663,H,1,1
2664,H,3,1
2665,H,3,1
2666,H,3,1
2667,H,5,9
2668,H,1,6
2669,H,3,1
2670,H,3,1
2671,H,1,1
2672,H,3,1
2673,H,1,1
2674,H,3,1
2675,H,3,1
2676,H,3,1
2677,H,6,3
2678,H,1,1
2679,H,3,1
2680,H,5,9
2681,H,3,1
2682,H,0,2
2683,H,3,1
2684,H,3,1
2685,H,1,1
2686,H,1,1
2687,H,3,1
2688,H,1,1
2689,H,3,1
2690,H,3,1
2691,H,1,1
2692,H,1,6
2693,H,3,1
2694,H,1,1
2695,H,1,1
2696,H,1,1
2697,H,3,1
2698,H,3,1
2699,H,1,1
2700,H,1,1
2701,H,3,1
2702,H,3,1
2703,H,5,9
2704,H,3,1
2705,H,1,1
2706,H,3,1
2707,H,3,1
2708,H,3,1
2709,H,3,1
2710,H,3,1
2711,H,3,1
2712,H,3,1
2713,H,1,1
2714,H,1,1
2715,H,1,1
2716,H,1,1
2717,H,3,1
2718,H,3,1
2719,H,3,1
2720,H,1,1
2721,H,6,3
2722,H,3,1
2723,H,3,1
2724,H,3,1
2725,H,1,1
2726,H,3,1
2727,H,3,1
2728,H,1,7
2729,H,5,7
2730,H,3,1
2731,H,6,3
2732,H,1,1
2733,H,1,1
2734,H,3,1
2735,H,1,1
2736,H,3,1
2737,H,3,1
2738,H,1,6
2739,H,2,9
2740,H,3,1
2741,H,1,1
2742,H,3,1
2743,H,3,1
2744,H,1,1
2745,H,3,1
2746,H,3,1
2747,H,1,1
2748,H,3,1
2749,H,1,1
2750,H,3,1
2751,H,1,1
2752,H,3,1
2753,H,0,6
2754,H,3,1
2755,H,1,1
2756,H,3,1
2757,H,3,1
2758,H,3,1
2759,H,1,1
2760,H,1,1
2761,H,3,1
2762,H,1,1
2763,H,1,1
2764,H,1,1
2765,H,3,1
2766,H,1,1
2767,H,3,1
2768,H,3,1
2769,H,3,1
2770,H,3,1
2771,H,3,1
2772,H,1,1
2773,H,1,1
2774,H,3,1
2775,H,1,1
2776,H,1,1
2777,H,1,1
2778,H,1,6
2779,H,8,6
2780,H,1,1
2781,H,1,1
2782,H,3,1
2783,H,3,1
2784,H,3,1
2785,H,1,1
2786,H,3,1
2787,H,3,1
2788,H,1,1
2789,H,1,1
2790,H,3,1
2791,H,3,1
2792,H,3,1
2793,H,3,1
2794,H,1,1
2795,H,3,1
2796,H,3,1
2797,H,3,1
2798,H,3,1
2799,H,1,1
2800,H,3,1
2801,H,1,1
2802,H,3,1
2803,H,3,1
2804,H,1,1
2805,H,1,1
2806,H,1,1
2807,H,1,1
2808,H,1,1
2809,H,1,6
2810,H,3,1
2811,H,1,1
2812,H,1,1
2813,H,1,1
2814,H,1,1
2815,H,1,1
2816,H,0,6
2817,H,3,1
2818,H,1,1
2819,H,3,1
2820,H,3,1
2821,H,0,6
2822,H,3,1
2823,H,1,1
2824,H,1,1
2825,H,3,1
2826,H,3,1
2827,H,3,1
2828,H,3,1
2829,H,3,1
2830,H,1,1
2831,H,3,1
2832,H,0,3
2833,H,1,1
2834,H,3,1
2835,H,1,1
2836,H,6,3
2837,H,3,1
2838,H,1,1
2839,H,3,1
2840,H,1,1
2841,H,3,1
2842,H,1,6
2843,H,3,1
2844,H,1,1
2845,H,1,1
2846,H,1,1
2847,H,3,1
2848,H,3,1
2849,H,3,1
2850,H,1,1
2851,H,1,1
2852,H,1,1
2853,H,1,1
2854,H,3,1
2855,H,3,1
2856,H,3,1
2857,H,3,1
2858,H,1,1
2859,H,3,1
2860,H,3,1
2861,H,3,1
2862,H,3,1
2863,H,1,1
2864,H,3,1
2865,H,1,1
2866,H,7,6
2867,H,3,1
2868,H,3,1
2869,H,3,1
2870,H,1,1
2871,H,3,1
2872,H,3,1
2873,H,3,1
2874,H,3,1
2875,H,3,1
2876,H,1,1
2877,H,3,1
2878,H,8,6
2879,H,3,1
2880,H,1,1
2881,H,3,1
2882,H,1,1
2883,H,3,1
2884,H,1,1
2885,H,3,1
2886,H,1,1
2887,H,3,1
2888,H,4,3
2889,H,3,1
2890,H,3,1
2891,H,3,1
2892,H,3,1
2893,H,3,1
2894,H,3,1
2895,H,3,1
2896,H,1,1
2897,H,3,1
2898,H,1,1
2899,H,1,1
2900,H,3,1
2901,H,1,1
2902,H,1,1
2903,H,3,1
2904,H,3,1
2905,H,3,1
2906,H,1,1
2907,H,1,1
2908,H,1,1
2909,H,1,6
2910,H,3,1
2911,H,1,6
2912,H,3,1
2913,H,1,1
2914,H,3,1
2915,H,3,1
2916,H,3,1
2917,H,3,1
2918,H,1,1
2919,H,3,1
2920,H,1,1
2921,H,3,1
2922,H,1,1
2923,H,3,1
2924,H,3,1
2925,H,3,1
2926,H,1,1
2927,H,1,1
2928,H,3,1
2929,H,1,1
2930,H,3,1
2931,H,3,1
2932,H,1,1
2933,H,3,1
2934,I,9,2
2935,I,0,2
2936,I,9,0
2937,I,7,2
2938,I,9,2
2939,I,1,6
2940,I,0,2
2941,I,0,2
2942,I,0,2
2943,I,0,2
2944,I,5,2
2945,I,9,0
2946,I,0,2
2947,I,0,2
2948,I,0,2
2949,I,5,2
2950,I,9,0
2951,I,5,2
2952,I,9,2
2953,I,5,2
2954,I,5,2
2955,I,0,2
2956,I,0,2
2957,I,0,2
2958,I,0,2
2959,I,0,2
2960,I,9,0
2961,I,5,7
2962,I,0,2
2963,I,5,7
2964,I,0,2
2965,I,5,2
2966,I,0,2
2967,I,0,2
2968,I,0,2
2969,I,0,2
2970,I,0,2
2971,I,9,2
2972,I,5,2
2973,I,9,2
2974,I,0,2
2975,I,0,2
2976,I,5,2
2977,I,5,2
2978,I,0,2
2979,I,7,6
2980,I,0,2
2981,I,0,2
2982,I,6,3
2983,I,9,0
2984,I,5,2
2985,I,0,2
2986,I,9,0
2987,I,5,2
2988,I,0,2
2989,I,5,2
2990,I,9,0
2991,I,9,0
2992,I,5,2
2993,I,0,2
2994,I,5,7
2995,I,7,0
2996,I,5,2
2997,I,9,2
2998,I,0,2
2999,I,9,0
3000,I,5,2
3001,I,9,0
3002,I,9,0
3003,I,0,2
3004,I,0,2
3005,I,5,2
3006,I,9,0
3007,I,0,2
3008,I,9,2
3009,I,0,2
3010,I,9,2
3011,I,0,2
3012,I,0,2
3013,I,0,2
3014,I,1,6
3015,I,5,2
3016,I,5,7
3017,I,5,0
3018,I,9,2
3019,I,5,2
3020,I,5,7
3021,I,7,5
3022,I,0,2
3023,I,9,2
3024,I,0,2
3025,I,5,2
3026,I,0,2
3027,I,9,0
3028,I,9,2
3029,I,0,2
3030,I,0,2
3031,I,5,2
3032,I,9,0
3033,I,9,0
3034,I,9,2
3035,I,0,2
3036,I,0,2
3037,I,5,2
3038,I,0,2
3039,I,0,2
3040,I,9,2
3041,I,5,2
3042,I,5,2
3043,I,9,0
3044,I,0,2
3045,I,5,2
3046,I,0,2
3047,I,9,0
3048,I,0,2
3049,I,0,2
3050,I,9,0
3051,I,9,0
3052,I,0,2
3053,I,5,7
3054,I,0,2
3055,I,0,2
3056,I,5,2
3057,I,0,2
3058,I,5,2
3059,I,0,2
3060,I,0,2
3061,I,9,0
3062,I,0,2
3063,I,9,0
3064,I,0,2
3065,I,0,2
3066,I,0,2
3067,I,0,2
3068,I,0,2
3069,I,5,2
3070,I,9,0
3071,I,0,2
3072,I,0,2
3073,I,0,2
3074,I,0,2
3075,I,0,2
3076,I,5,7
3077,I,5,2
3078,I,0,2
3079,I,0,2
3080,I,0,2
3081,I,5,2
3082,I,5,2
3083,I,0,2
3084,I,0,2
3085,I,0,2
3086,I,0,2
3087,I,0,2
3088,I,0,2
3089,I,0,2
3090,I,0,2
3091,I,0,2
3092,I,0,2
3093,I,9,0
3094,I,0,2
3095,I,0,2
3096,I,1,6
3097,I,0,2
3098,I,0,2
3099,I,7,6
3100,I,3,2
3101,I,5,7
3102,I,9,0
3103,I,5,2
3104,I,5,2
3105,I,0,2
3106,I,9,0
3107,I,0,2
3108,I,0,2
3109,I,0,2
3110,I,0,2
3111,I,5,2
3112,I,0,2
3113,I,0,2
3114,I,9,2
3115,I,9,2
3116,I,9,0
3117,I,0,2
3118,I,0,2
3119,I,9,0
3120,I,5,2
3121,I,9,0
3122,I,7,6
3123,I,9,2
3124,I,0,2
3125,I,0,2
3126,I,5,2
3127,I,5,2
3128,I,5,7
3129,I,0,2
3130,I,5,2
3131,I,5,2
3132,I,0,2
3133,I,5,2
3134,I,9,0
3135,I,0,2
3136,I,9,0
3137,I,0,2
3138,I,0,2
3139,I,5,7
3140,I,0,2
3141,I,0,2
3142,I,5,2
3143,I,0,2
3144,I,9,0
3145,I,9,0
3146,I,0,2
3147,I,7,0
3148,I,9,2
3149,I,0,2
3150,I,0,2
3151,I,0,2
3152,I,5,2
3153,I,0,2
3154,I,5,2
3155,I,9,0
3156,I,0,2
3157,I,9,2
3158,I,5,2
3159,I,0,2
3160,I,0,2
3161,I,0,2
3162,I,0,2
3163,I,9,0
3164,I,9,2
3165,I,5,2
3166,I,9,0
3167,I,0,2
3168,I,0,2
3169,I,0,2
3170,I,9,2
3171,I,0,2
3172,I,9,2
3173,I,5,2
3174,I,0,2
3175,I,0,2
3176,I,9,0
3177,I,0,2
3178,I,0,2
3179,I,9,2
3180,I,9,2
3181,I,9,0
3182,I,9,0
3183,I,7,8
3184,I,0,2
3185,I,0,2
3186,I,9,0
3187,I,5,2
3188,I,7,6
3189,I,0,2
3190,I,9,2
3191,I,0,2
3192,I,4,2
3193,I,0,2
3194,I,0,2
3195,I,9,0
3196,I,0,2
3197,I,5,0
3198,I,0,2
3199,I,9,2
3200,I,0,2
3201,I,9,0
3202,I,0,2
3203,I,5,0
3204,I,5,2
3205,I,9,0
3206,I,0,2
3207,I,0,2
3208,I,0,2
3209,I,0,2
3210,I,5,2
3211,I,6,0
3212,I,0,2
3213,I,0,2
3214,I,9,0
3215,I,0,2
3216,I,5,2
3217,I,5,2
3218,I,9,0
3219,I,5,2
3220,I,5,2
3221,I,4,2
3222,I,9,2
3223,I,0,2
3224,I,9,2
3225,I,9,0
3226,I,1,6
3227,I,0,2
3228,I,4,2
3229,I,5,2
3230,I,9,0
3231,I,0,2
3232,I,0,2
3233,I,0,2
3234,I,5,0
3235,I,0,2
3236,I,0,2
3237,I,9,0
3238,I,0,2
3239,I,5,2
3240,I,5,2
3241,I,9,0
3242,I,0,2
3243,I,0,2
3244,I,9,0
3245,I,9,2
3246,I,9,0
3247,I,5,2
3248,I,5,2
3249,I,9,0
3250,I,0,2
3251,I,9,2
3252,I,9,0
3253,I,0,2
3254,I,5,2
3255,I,0,2
3256,I,0,2
3257,I,0,2
3258,I,0,2
3259,I,0,2
3260,I,0,2
3261,I,0,2
3262,I,9,0
3263,I,9,0
3264,I,9,2
3265,I,0,2
3266,I,9,0
3267,I,9,2
3268,I,0,2
3269,I,9,2
3270,I,0,2
3271,I,0,2
3272,I,0,2
3273,I,0,9
3274,I,5,2
3275,I,0,2
3276,I,4,2
3277,I,5,0
3278,I,9,2
3279,I,0,2
3280,I,0,2
3281,I,0,2
3282,I,9,2
3283,I,0,2
3284,I,9,2
3285,I,9,0
3286,I,9,0
3287,I,0,2
3288,I,0,2
3289,I,5,2
3290,I,9,2
3291,I,0,2
3292,J,5,2
3293,J,1,2
3294,J,1,2
3295,J,5,2
3296,J,9,2
3297,J,5,2
3298,J,0,2
3299,J,6,3
3300,J,0,2
3301,J,9,2
3302,J,1,2
3303,J,5,2
3304,J,6,0
3305,J,1,2
3306,J,5,2
3307,J,9,2
3308,J,0,2
3309,J,9,0
3310,J,5,2
3311,J,1,6
3312,J,0,2
3313,J,0,2
3314,J,9,0
3315,J,0,2
3316,J,0,2
3317,J,9,2
3318,J,0,2
3319,J,1,2
3320,J,5,2
3321,J,6,2
3322,J,0,2
3323,J,9,0
3324,J,0,2
3325,J,9,0
3326,J,0,2
3327,J,5,2
3328,J,0,2
3329,J,9,0
3330,J,5,2
3331,J,1,2
3332,J,0,2
3333,J,9,2
3334,J,9,2
3335,J,9,0
3336,J,9,2
3337,J,0,2
3338,J,7,6
3339,J,0,2
3340,J,9,0
3341,J,9,2
3342,J,0,2
3343,J,5,2
3344,J,9,2
3345,J,1,2
3346,J,5,2
3347,J,0,2
3348,J,1,2
3349,J,0,2
3350,J,1,2
3351,J,0,2
3352,J,5,2
3353,J,9,0
3354,J,0,2
3355,J,0,2
3356,J,5,2
3357,J,1,2
3358,J,5,7
3359,J,9,0
3360,J,0,2
3361,J,7,6
3362,J,1,2
3363,J,9,2
3364,J,9,0
3365,J,1,6
3366,J,6,3
3367,J,6,0
3368,J,9,2
3369,J,5,2
3370,J,9,2
3371,J,0,2
3372,J,0,2
3373,J,9,0
3374,J,1,2
3375,J,5,2
3376,J,5,2
3377,J,5,7
3378,J,1,2
3379,J,9,0
3380,J,7,8
3381,J,9,2
3382,J,0,2
3383,J,0,2
3384,J,1,2
3385,J,1,6
3386,J,0,1
3387,J,9,0
3388,J,9,0
3389,J,5,2
3390,J,9,2
3391,J,9,2
3392,J,5,2
3393,J,5,2
3394,J,0,2
3395,J,0,2
3396,J,0,2
3397,J,0,2
3398,J,9,0
3399,J,9,2
3400,J,4,2
3401,J,4,2
3402,J,9,0
3403,J,0,2
3404,J,9,0
3405,J,9,0
3406,J,0,2
3407,J,9,0
3408,J,0,2
3409,J,0,2
3410,J,1,2
3411,J,9,0
3412,J,8,6
3413,J,5,2
3414,J,0,2
3415,J,6,3
3416,J,6,3
3417,J,9,0
3418,J,9,0
3419,J,9,2
3420,J,6,3
3421,J,9,2
3422,J,9,2
3423,J,0,2
3424,J,9,2
3425,J,5,0
3426,J,0,2
3427,J,0,2
3428,J,0,2
3429,J,5,7
3430,J,9,0
3431,J,9,2
3432,J,0,2
3433,J,5,2
3434,J,9,2
3435,J,1,2
3436,J,5,7
3437,J,0,2
3438,J,0,2
3439,J,8,2
3440,J,9,0
3441,J,3,2
3442,J,0,2
3443,J,0,2
3444,J,9,2
3445,J,0,2
3446,J,0,2
3447,J,5,2
3448,J,5,7
3449,J,0,2
3450,J,9,0
3451,J,7,6
3452,J,9,0
3453,J,5,7
3454,J,5,7
3455,J,9,0
3456,J,1,2
3457,J,1,2
3458,J,9,2
3459,J,9,2
3460,J,1,1
3461,J,9,2
3462,J,5,2
3463,J,5,2
3464,J,0,2
3465,J,0,2
3466,J,9,2
3467,J,9,2
3468,J,6,3
3469,J,0,2
3470,J,9,0
3471,J,9,0
3472,J,9,2
3473,J,9,2
3474,J,1,6
3475,J,1,2
3476,J,7,6
3477,J,0,2
3478,J,9,0
3479,J,0,2
3480,J,4,2
3481,J,5,2
3482,J,9,0
3483,J,8,6
3484,J,5,2
3485,J,5,2
3486,J,1,2
3487,J,4,2
3488,J,0,2
3489,J,1,2
3490,J,0,2
3491,J,9,2
3492,J,0,2
3493,J,9,2
3494,J,5,2
3495,J,0,2
3496,J,1,2
3497,J,9,0
3498,J,0,2
3499,J,5,2
3500,J,9,2
3501,J,0,2
3502,J,9,2
3503,J,0,2
3504,J,5,2
3505,J,6,3
3506,J,0,2
3507,J,1,2
3508,J,0,2
3509,J,9,0
3510,J,5,2
3511,J,9,0
3512,J,9,0
3513,J,9,0
3514,J,3,2
3515,J,0,2
3516,J,9,0
3517,J,9,2
3518,J,5,2
3519,J,0,2
3520,J,1,2
3521,J,9,2
3522,J,4,2
3523,J,5,0
3524,J,0,2
3525,J,5,2
3526,J,0,2
3527,J,6,0
3528,J,0,2
3529,J,4,2
3530,J,9,0
3531,J,9,2
3532,J,9,2
3533,J,9,2
3534,J,0,2
3535,J,9,0
3536,J,9,0
3537,J,0,2
3538,J,4,2
3539,J,4,2
3540,J,5,2
3541,J,9,2
3542,J,0,2
3543,J,1,2
3544,J,0,2
3545,J,7,6
3546,J,6,3
3547,J,9,2
3548,J,0,2
3549,J,0,4
3550,J,9,2
3551,J,8,6
3552,J,9,0
3553,J,7,0
3554,J,0,2
3555,J,0,2
3556,J,6,3
3557,J,9,2
3558,J,5,2
3559,J,0,2
3560,J,5,2
3561,J,0,2
3562,J,5,2
3563,J,5,2
3564,J,0,2
3565,J,0,2
3566,J,9,2
3567,J,9,0
3568,J,4,2
3569,J,0,2
3570,J,4,2
3571,J,0,2
3572,J,1,6
3573,J,0,2
3574,J,9,2
3575,J,9,2
3576,J,1,6
3577,J,4,2
3578,J,4,2
3579,J,0,2
3580,J,0,2
3581,J,4,2
3582,J,9,2
3583,J,0,2
3584,J,0,2
3585,J,0,2
3586,J,9,0
3587,J,5,2
3588,J,5,2
3589,J,9,0
3590,J,1,2
3591,J,5,2
3592,J,3,2
3593,J,1,2
3594,J,4,2
3595,J,1,2
3596,J,6,3
3597,J,1,2
3598,J,1,6
3599,J,9,0
3600,J,0,2
3601,J,5,7
3602,J,9,0
3603,J,8,6
3604,J,0,2
3605,J,9,2
3606,J,9,0
3607,J,6,0
3608,J,6,3
3609,J,9,0
3610,J,9,0
3611,J,6,3
3612,J,9,2
3613,J,9,2
3614,J,1,2
3615,J,0,2
3616,J,4,2
3617,J,0,2
3618,J,0,2
3619,J,9,2
3620,J,0,2
3621,J,5,2
3622,J,0,2
3623,J,5,2
3624,J,9,0
3625,J,6,0
3626,J,9,0
3627,J,9,0
3628,J,0,2
3629,J,9,2
3630,J,9,2
3631,J,9,0
3632,J,9,2
3633,J,5,2
3634,J,9,0
3635,J,0,6
3636,J,6,3
3637,J,6,3
3638,J,4,2
3639,J,0,2
3640,J,9,2
3641,J,5,2
3642,J,5,7
3643,J,0,2
3644,J,0,2
3645,J,9,0
3646,J,9,0
3647,J,9,2
